Datetime,Water Level (m)
2025-09-26 06:00:00,0.4845788
2025-09-26 07:00:00,0.8481943
2025-09-26 08:00:00,1.1187695
2025-09-26 09:00:00,1.2338092
2025-09-26 10:00:00,1.071425
2025-09-26 11:00:00,0.81746966
2025-09-26 12:00:00,0.52070326
2025-09-26 13:00:00,0.23473202
2025-09-26 14:00:00,-0.030924946
2025-09-26 15:00:00,-0.22762737
2025-09-26 16:00:00,-0.15410161
2025-09-26 17:00:00,0.13586229
2025-09-26 18:00:00,0.5124781
2025-09-26 19:00:00,0.8991246
2025-09-26 20:00:00,1.2617687
2025-09-26 21:00:00,1.3932703
2025-09-26 22:00:00,1.2543329
2025-09-26 23:00:00,1.0049182
2025-09-27 00:00:00,0.73043805
2025-09-27 01:00:00,0.4565628
2025-09-27 02:00:00,0.19370738
2025-09-27 03:00:00,-0.020415228
2025-09-27 04:00:00,-0.11817828
2025-09-27 05:00:00,0.087560706
2025-09-27 06:00:00,0.36014462
2025-09-27 07:00:00,0.70508087
2025-09-27 08:00:00,0.9691989
2025-09-27 09:00:00,1.139742
2025-09-27 10:00:00,1.0118428
2025-09-27 11:00:00,0.7805871
2025-09-27 12:00:00,0.50372076
2025-09-27 13:00:00,0.22869003
2025-09-27 14:00:00,-0.031160008
2025-09-27 15:00:00,-0.24057089
2025-09-27 16:00:00,-0.31520924
2025-09-27 17:00:00,-0.102974825
2025-09-27 18:00:00,0.17468889
2025-09-27 19:00:00,0.51910675
2025-09-27 20:00:00,0.8467288
2025-09-27 21:00:00,1.0905526
2025-09-27 22:00:00,1.1449053
2025-09-27 23:00:00,0.95716536
2025-09-28 00:00:00,0.7200333
2025-09-28 01:00:00,0.4651208
2025-09-28 02:00:00,0.21380928
2025-09-28 03:00:00,-0.0082210675
2025-09-28 04:00:00,-0.15714128
2025-09-28 05:00:00,-0.09847551
2025-09-28 06:00:00,0.12791583
2025-09-28 07:00:00,0.4014331
2025-09-28 08:00:00,0.6711263
2025-09-28 09:00:00,0.8590973
2025-09-28 10:00:00,0.8898776
2025-09-28 11:00:00,0.7122344
2025-09-28 12:00:00,0.48640415
2025-09-28 13:00:00,0.24190243
2025-09-28 14:00:00,0.008925979
2025-09-28 15:00:00,-0.19026172
2025-09-28 16:00:00,-0.3107728
2025-09-28 17:00:00,-0.22361211
2025-09-28 18:00:00,-0.002268305
2025-09-28 19:00:00,0.27481556
2025-09-28 20:00:00,0.57223684
2025-09-28 21:00:00,0.82067513
2025-09-28 22:00:00,0.9739517
2025-09-28 23:00:00,0.93315107
2025-09-29 00:00:00,0.7467118
2025-09-29 01:00:00,0.5248449
2025-09-29 02:00:00,0.30679917
2025-09-29 03:00:00,0.108112305
2025-09-29 04:00:00,-0.045767363
2025-09-29 05:00:00,-0.09150226
2025-09-29 06:00:00,0.043682452
2025-09-29 07:00:00,0.23342077
2025-09-29 08:00:00,0.45520183
2025-09-29 09:00:00,0.63923806
2025-09-29 10:00:00,0.73169625
2025-09-29 11:00:00,0.69014084
2025-09-29 12:00:00,0.52840537
2025-09-29 13:00:00,0.34228313
2025-09-29 14:00:00,0.14567329
2025-09-29 15:00:00,-0.031906348
2025-09-29 16:00:00,-0.1637185
2025-09-29 17:00:00,-0.19694844
2025-09-29 18:00:00,-0.05971604
2025-09-29 19:00:00,0.13066927
2025-09-29 20:00:00,0.37448505
2025-09-29 21:00:00,0.6085459
2025-09-29 22:00:00,0.79118586
2025-09-29 23:00:00,0.8957467
2025-09-30 00:00:00,0.84349376
2025-09-30 01:00:00,0.6881738
2025-09-30 02:00:00,0.5072047
2025-09-30 03:00:00,0.33431622
2025-09-30 04:00:00,0.17813027
2025-09-30 05:00:00,0.05857084
2025-09-30 06:00:00,0.017341405
2025-09-30 07:00:00,0.10251659
2025-09-30 08:00:00,0.24355294
2025-09-30 09:00:00,0.40096852
2025-09-30 10:00:00,0.538659
2025-09-30 11:00:00,0.61536324
2025-09-30 12:00:00,0.5977594
2025-09-30 13:00:00,0.48499832
2025-09-30 14:00:00,0.3444125
2025-09-30 15:00:00,0.2004269
2025-09-30 16:00:00,0.070821546
2025-09-30 17:00:00,-0.027721873
2025-09-30 18:00:00,-0.064815305
2025-09-30 19:00:00,0.01319978
2025-09-30 20:00:00,0.15887964
2025-09-30 21:00:00,0.34123507
2025-09-30 22:00:00,0.5378563
2025-09-30 23:00:00,0.7147322
2025-10-01 00:00:00,0.8353767
2025-10-01 01:00:00,0.88373196
2025-10-01 02:00:00,0.80858594
2025-10-01 03:00:00,0.67261237
2025-10-01 04:00:00,0.51164573
2025-10-01 05:00:00,0.35647517
2025-10-01 06:00:00,0.2051743
2025-10-01 07:00:00,0.08247134
2025-10-01 08:00:00,0.030633794
2025-10-01 09:00:00,0.09914349
2025-10-01 10:00:00,0.23516288
2025-10-01 11:00:00,0.40656835
2025-10-01 12:00:00,0.5707765
2025-10-01 13:00:00,0.67216897
2025-10-01 14:00:00,0.6790848
2025-10-01 15:00:00,0.58829534
2025-10-01 16:00:00,0.45790052
2025-10-01 17:00:00,0.31300718
2025-10-01 18:00:00,0.16911265
2025-10-01 19:00:00,0.04517509
2025-10-01 20:00:00,-0.022590254
2025-10-01 21:00:00,0.02360352
2025-10-01 22:00:00,0.17788824
2025-10-01 23:00:00,0.3901147
2025-10-02 00:00:00,0.63187313
2025-10-02 01:00:00,0.8549273
2025-10-02 02:00:00,1.0281566
2025-10-02 03:00:00,1.0738811
2025-10-02 04:00:00,0.95403916
2025-10-02 05:00:00,0.762885
2025-10-02 06:00:00,0.54759705
